insert into Carrera (nombre, cod_carrera,facultad,num_cred_opt,num_cred_tran,num_cred_obl) values ('Ingenieria Informatica',1234,'Escuela Politecnica',30,12,42);
insert into Carrera (nombre, cod_carrera,facultad,num_cred_opt,num_cred_tran,num_cred_obl) values ('Ingenieria Electronica',5738,'Escuela Politecnica',30,12,42);
insert into Carrera (nombre, cod_carrera,facultad,num_cred_opt,num_cred_tran,num_cred_obl) values ('Ingenieria Robotica',2203,'Escuela Politecnica',30,6,36);
insert into Carrera (nombre, cod_carrera,facultad,num_cred_opt,num_cred_tran,num_cred_obl) values ('Medicina',1027,'Facultad de Medicina',30,6,42);
insert into Carrera (nombre, cod_carrera,facultad,num_cred_opt,num_cred_tran,num_cred_obl) values ('Magisterio',9012,'Facultad de Letras',20,6,30);

/*Asignaturas para Ingenieria Informatica*/
insert into Asignatura values ('Base de Datos',8374,1234,6,'OB');
insert into Asignatura values ('Ingenieria de Software',4039,1234,6,'OB');
insert into Asignatura values ('Algoritmia y Complejidad',1102,1234,6,'OB');
insert into Asignatura values ('Matematicas Avanzadas',2029,1234,6,'OB');
insert into Asignatura values ('Fisica',8390,1234,6,'OB');
insert into Asignatura values ('Sistemas Operativos',1109,1234,6,'OB');
insert into Asignatura values ('Arquitectura de Computadores',4934,1234,6,'OB');

insert into Asignatura values ('Programacion WEB',4000,1234,3,'OP');
insert into Asignatura values ('Bases de datos avanzadas',9911,1234,3,'OP');
insert into Asignatura values ('Seguridad WEB',4001,1234,3,'OP');
insert into Asignatura values ('Patrones de diseño',5559,1234,3,'OP');
insert into Asignatura values ('Bioingenieria',3000,1234,3,'OP');
insert into Asignatura values ('Extraccion automática',3005,1234,3,'OP');
insert into Asignatura values ('Seguridad',3019,1234,3,'OP');
insert into Asignatura values ('Gestion de Redes',3020,1234,3,'OP');
insert into Asignatura values ('Sistemas de control',3022,1234,3,'OP');
insert into Asignatura values ('Computacion Ubicua',3023,1234,3,'OP');
insert into Asignatura values ('Patrones Software',3088,1234,3,'OP');
insert into Asignatura values ('Computacion Local',3091,1234,3,'OP');
insert into Asignatura values ('Lecciones de Emprendimiento',3770,1234,3,'OP');
insert into Asignatura values ('Tecnologias futuras',3111,1234,3,'OP');
insert into Asignatura values ('Programacion IOS',3800,1234,3,'OP');


insert into Asignatura values ('Laboratorio virtual consultas SQL',3999,1234,15,'TFG');
insert into Asignatura values ('Plataforma de lenguaje flexibles',3998,1234,15,'TFG');

/*Asignaturas para Ingenieria Electronica*/
insert into Asignatura values ('Calculo 1',3394,5738,6,'OB');
insert into Asignatura values ('Sistemas Informaticos',8112,5738,6,'OB');
insert into Asignatura values ('Teoria de Circuitos',7263,5738,6,'OB');
insert into Asignatura values ('Electronica Digital',0097,5738,6,'OB');
insert into Asignatura values ('Algebra Lineal',2001,5738,6,'OB');
insert into Asignatura values ('Programacion',9992,5738,6,'OB');
insert into Asignatura values ('Estadistica',2080,5738,6,'OB');

insert into Asignatura values ('Electronica potencial',6685,5738,3,'OP');
insert into Asignatura values ('Subsistemas electronicos',6001,5738,3,'OP');
insert into Asignatura values ('Tecnologia electronica',3004,5738,3,'OP');
insert into Asignatura values ('Vision Artificial',6123,5738,3,'OP');
insert into Asignatura values ('Control Industrial',6124,5738,3,'OP');
insert into Asignatura values ('Electronica Biomedica',6125,5738,3,'OP');
insert into Asignatura values ('Programacion Visual',6126,5738,3,'OP');
insert into Asignatura values ('Comunicaciones Digitales',6127,5738,3,'OP');
insert into Asignatura values ('SMART TICS',6128,5738,3,'OP');
insert into Asignatura values ('Tecnologias Alta Frecuencias',6129,5738,3,'OP');
insert into Asignatura values ('Ruidos electronicos',6130,5738,3,'OP');
insert into Asignatura values ('Tecnologias Fotonicas',6131,5738,3,'OP');
insert into Asignatura values ('Instrumentacion Electronica',6132,5738,3,'OP');
insert into Asignatura values ('Control Industrial 2',6199,5738,3,'OP');
insert into Asignatura values ('Sistemas digitales',6134,5738,3,'OP');


insert into Asignatura values ('Series de Fourier',7998,5738,15,'TFG');
insert into Asignatura values ('Videovigilancia',7991,5738,15,'TFG');

/*Asignaturas para Ingenieria Robotica*/
insert into Asignatura values ('Automatizacion',4403,2203,6,'OB');
insert into Asignatura values ('Sistemas Electronicos Digitales',8888,2203,6,'OB');
insert into Asignatura values ('Empresariales',2991,2203,6,'OB');
insert into Asignatura values ('Electronica de potencia',6697,2203,6,'OB');
insert into Asignatura values ('Sistemas Robotizados',4567,2203,6,'OB');
insert into Asignatura values ('Maquinas Eléctricas',1551,2203,6,'OB');

insert into Asignatura values ('Sistemas de produccion industrial',7771,2203,6,'OP');
insert into Asignatura values ('Mecanica de fluidos',7777,2203,3,'OP');
insert into Asignatura values ('Resistencia de materiales',7778,2203,3,'OP');
insert into Asignatura values ('Procesamiento digital',7760,2203,3,'OP');
insert into Asignatura values ('Programacion Robots',7761,2203,3,'OP');
insert into Asignatura values ('Procesos Industriales',7762,2203,3,'OP');
insert into Asignatura values ('Sistemas de emprendedor',7763,2203,3,'OP');
insert into Asignatura values ('Sistemas ferroviarios',7764,2203,3,'OP');
insert into Asignatura values ('Sistemas embebidos',7765,2203,3,'OP');
insert into Asignatura values ('Ampliacion robotica',7766,2203,3,'OP');
insert into Asignatura values ('Optoelectronica',7767,2203,3,'OP');
insert into Asignatura values ('Avionica',7768,2203,3,'OP');
insert into Asignatura values ('Mecatronica',7769,2203,3,'OP');
insert into Asignatura values ('Proyectos Terciarios',7789,2203,3,'OP');
insert into Asignatura values ('Proyectos Cuaternarios',7788,2203,3,'OP');


insert into Asignatura values ('Inteligencia artifical',5400,2203,15,'TFG');
insert into Asignatura values ('Robots en la guerra',5301,2203,15,'TFG');

/*Asignaturas para Medicina*/
insert into Asignatura values ('Anatomia Humana',6009,1027,6,'OB');
insert into Asignatura values ('Bioquimica',6050,1027,6,'OB');
insert into Asignatura values ('Psicologia',6110,1027,6,'OB');
insert into Asignatura values ('Historia Humana',6304,1027,6,'OB');
insert into Asignatura values ('Etica Medica',6999,1027,6,'OB');
insert into Asignatura values ('Epidemologia',6204,1027,6,'OB');
insert into Asignatura values ('Bioestadistica',6114,1027,6,'OB');

insert into Asignatura values ('Inmunologia',2201,1027,3,'OP');
insert into Asignatura values ('Radiologia General',4405,1027,3,'OP');
insert into Asignatura values ('Farmacologia',7701,1027,3,'OP');
insert into Asignatura values ('Patologia General',9100,1027,3,'OP');
insert into Asignatura values ('Ginecologia',9811,1027,3,'OP');
insert into Asignatura values ('Oftamologia',9922,1027,3,'OP');
insert into Asignatura values ('Patologia',9933,1027,3,'OP');
insert into Asignatura values ('Psiquiatria',9944,1027,3,'OP');
insert into Asignatura values ('Medicina preventiva',9955,1027,3,'OP');
insert into Asignatura values ('Cine de la salud',9966,1027,3,'OP');
insert into Asignatura values ('Genetica',9977,1027,3,'OP');
insert into Asignatura values ('Urologia',9988,1027,3,'OP');
insert into Asignatura values ('Practicas atencion primaria',9999,1027,3,'OP');
insert into Asignatura values ('Otirronologia',9555,1027,3,'OP');
insert into Asignatura values ('Offtalmologia',9666,1027,3,'OP');

	
insert into Asignatura values ('Microbiologia',9444,1027,15,'TFG');
insert into Asignatura values ('Aterotrombosis',9333,1027,15,'TFG');

/*Asignaturas para magisterio*/
insert into Asignatura values ('Didactica',5504,9012,6,'OB');
insert into Asignatura values ('Sociologia',5512,9012,6,'OB');
insert into Asignatura values ('El juego musical',5444,9012,6,'OB');
insert into Asignatura values ('Artes plasticas',5222,9012,6,'OB');
insert into Asignatura values ('Promocion de la salud',5331,9012,6,'OB');

insert into Asignatura values ('Practicum',3200,9012,2,'OP');
insert into Asignatura values ('Lengua Extranjera',3201,9012,2,'OP');
insert into Asignatura values ('Innovacion educativa',3202,9012,2,'OP');
insert into Asignatura values ('Matematicas Infantiles',3299,9012,2,'OP');
insert into Asignatura values ('Literatura española',3561,9012,2,'OP');
insert into Asignatura values ('Practicum 2',3562,9012,2,'OP');
insert into Asignatura values ('Geografia General',3563,9012,2,'OP');
insert into Asignatura values ('Filosofia Infantil',3564,9012,2,'OP');
insert into Asignatura values ('Sociologia 2',3565,9012,2,'OP');
insert into Asignatura values ('Comunicacion',3566,9012,2,'OP');
insert into Asignatura values ('Ciencias de la tierra',3567,9012,2,'OP');
insert into Asignatura values ('Ingles',3568,9012,2,'OP');
insert into Asignatura values ('Historia de españa',3569,9012,2,'OP');
insert into Asignatura values ('Formacion Vocal',3690,9012,2,'OP');
insert into Asignatura values ('Etica',3693,9012,2,'OP');


insert into Asignatura values ('Trastornos de animo',2111,9012,15,'TFG');
insert into Asignatura values ('Bullying',2999,9012,15,'TFG');



/*Asignaturas Transversales*/

insert into Asignatura values ('Tecnologia para discapacitados',7001,NULL,6,'T');
insert into Asignatura values ('Robotica para todos',7008,NULL,6,'T');
insert into Asignatura values ('Tecnologia de videojuegos',7002,NULL,6,'T');
insert into Asignatura values ('Tecnologia musical',7003,NULL,6,'T');
insert into Asignatura values ('Religion',7004,NULL,6,'T');
insert into Asignatura values ('Historia de Europa ',7007,NULL,6,'T');
insert into Asignatura values ('Programacion Android',7012,NULL,6,'T');
insert into Asignatura values ('Mundo Empresarial',7013,NULL,6,'T');
insert into Asignatura values ('Historia de gitanos',7014,NULL,6,'T');

/*Alumnos*/

insert into Usuario values('57493812E','ALUMNO','Rodrigo','Garcia','Leon','1997-7-04','rodrigo_garcia@hotmail.es','rodrigo1',564829184);
insert into Alumno values ('57493812E',1234,847394193);

insert into Usuario values('92819238T','ALUMNO','Patricia','Conde','Ruiz','1996-2-14','patricia_conde@hotmail.es','patricia1',119293740);
insert into Alumno values ('92819238T',1234,720948110);

insert into Usuario values('66104923W','ALUMNO','Alonso','Perez','Navarro','1997-9-22','alonso_perez@hotmail.es','alonso1',550392885);
insert into Alumno values ('66104923W',5738,950193228);

insert into Usuario values('44031002Q','ALUMNO','Eduardo','Martinez','Martinez','1995-7-04','eduardo_martinez@hotmail.es','eduardo1',901283475);
insert into Alumno values ('44031002Q',1234,820394111);

/*Grupos Base de Datos*/
INSERT INTO Grupo VALUES (1111,TRUE,'T',10,8374,2015);
INSERT INTO Grupo VALUES (9999,TRUE,'L',10,8374,2015);
INSERT INTO Grupo VALUES (1112,TRUE,'T',10,8374,2016);
INSERT INTO Grupo VALUES (9998,TRUE,'L',10,8374,2016);
INSERT INTO Grupo VALUES (1113, FALSE,'T',10,8374,2017);
INSERT INTO Grupo VALUES (9997, FALSE,'L',10,8374,2017);

/*Grupos Ingenieria de Software*/
INSERT INTO Grupo VALUES (1121,TRUE,'T',10,4039,2015);
INSERT INTO Grupo VALUES (9996,TRUE,'L',10,4039,2015);
INSERT INTO Grupo VALUES (1122,TRUE,'T',10,4039,2016);
INSERT INTO Grupo VALUES (9995,TRUE,'L',10,4039,2016);
INSERT INTO Grupo VALUES (1123,FALSE,'T',10,4039,2017);
INSERT INTO Grupo VALUES (9994,FALSE,'L',10,4039,2017);


/*Grupos Algoritmia y Complejidad*/
INSERT INTO Grupo VALUES (1131,TRUE,'T',10,1102,2015);
INSERT INTO Grupo VALUES (9993,TRUE,'L',10,1102,2015);
INSERT INTO Grupo VALUES (1132,TRUE,'T',10,1102,2016);
INSERT INTO Grupo VALUES (9992,TRUE,'L',10,1102,2016);
INSERT INTO Grupo VALUES (1133,FALSE,'T',10,1102,2017);
INSERT INTO Grupo VALUES (9991,FALSE,'L',10,1102,2017);


/*Grupos para Matematicas Avanzadas*/
INSERT INTO Grupo VALUES (1141,TRUE,'T',10,2029,2015);
INSERT INTO Grupo VALUES (9987,TRUE,'L',10,2029,2015);
INSERT INTO Grupo VALUES (1142,TRUE,'T',10,2029,2016);
INSERT INTO Grupo VALUES (9986,TRUE,'L',10,2029,2016);
INSERT INTO Grupo VALUES (1143,FALSE,'T',10,2029,2017);
INSERT INTO Grupo VALUES (9985,FALSE,'L',10,2029,2017);

/*Grupos para Fisica*/
INSERT INTO Grupo VALUES (1151,TRUE,'T',10,8390,2015);
INSERT INTO Grupo VALUES (9984,TRUE,'L',10,8390,2015);
INSERT INTO Grupo VALUES (1152,TRUE,'T',10,8390,2016);
INSERT INTO Grupo VALUES (9983,TRUE,'L',10,8390,2016);
INSERT INTO Grupo VALUES (1153,FALSE,'T',10,8390,2017);
INSERT INTO Grupo VALUES (9982,FALSE,'L',10,8390,2017);

/*Grupos para Sistemas Operativos*/
INSERT INTO Grupo VALUES (1161,TRUE,'T',10,1109,2015);
INSERT INTO Grupo VALUES (9981,TRUE,'L',10,1109,2015);
INSERT INTO Grupo VALUES (1162,TRUE,'T',10,1109,2016);
INSERT INTO Grupo VALUES (9980,TRUE,'L',10,1109,2016);
INSERT INTO Grupo VALUES (1163,FALSE,'T',10,1109,2017);
INSERT INTO Grupo VALUES (9979,FALSE,'L',10,1109,2017);


/*Grupos para Arquitectura de Computadores*/
INSERT INTO Grupo VALUES (1171,TRUE,'T',10,4934,2015);
INSERT INTO Grupo VALUES (9978,TRUE,'L',10,4934,2015);
INSERT INTO Grupo VALUES (1172,TRUE,'T',10,4934,2016);
INSERT INTO Grupo VALUES (9977,TRUE,'L',10,4934,2016);
INSERT INTO Grupo VALUES (1173,FALSE,'T',10,4934,2017);
INSERT INTO Grupo VALUES (9976,FALSE,'L',10,4934,2017);

/*Grupos para Programacion WEB*/
INSERT INTO Grupo VALUES (1181,TRUE,'T',10,4000,2015);
INSERT INTO Grupo VALUES (9969,TRUE,'L',10,4000,2015);
INSERT INTO Grupo VALUES (1182,TRUE,'T',10,4000,2016);
INSERT INTO Grupo VALUES (9968,TRUE,'L',10,4000,2016);
INSERT INTO Grupo VALUES (1183,FALSE,'T',10,4000,2017);
INSERT INTO Grupo VALUES (9967,FALSE,'L',10,4000,2017);

/*Grupos para Bases de datos Avanzadas*/
INSERT INTO Grupo VALUES (1191,TRUE,'T',10,9911,2015);
INSERT INTO Grupo VALUES (1192,TRUE,'T',10,9911,2016);
INSERT INTO Grupo VALUES (1193,FALSE,'T',10,9911,2017);

/*Grupos para Seguridad WEB*/
INSERT INTO Grupo VALUES (1211,TRUE,'T',10,4001,2015);
INSERT INTO Grupo VALUES (9975,TRUE,'L',10,4001,2015);
INSERT INTO Grupo VALUES (1212,TRUE,'T',10,4001,2016);
INSERT INTO Grupo VALUES (9974,TRUE,'L',10,4001,2016);
INSERT INTO Grupo VALUES (1213,FALSE,'T',10,4001,2017);
INSERT INTO Grupo VALUES (9973,FALSE,'L',10,4001,2017);

/*Grupos para patrones de diseño*/
INSERT INTO Grupo VALUES (1221,TRUE,'T',10,5559,2015);
INSERT INTO Grupo VALUES (1222,TRUE,'T',10,5559,2016);
INSERT INTO Grupo VALUES (1223,FALSE,'T',10,5559,2017);

/*Grupos para Bioingenieria*/
INSERT INTO Grupo VALUES (8110,FALSE, 'T', 10,3000,2017);
INSERT INTO Grupo VALUES (7110,FALSE, 'L', 10,3000,2017);


/*Grupos para Extraccion Automatica*/
INSERT INTO Grupo VALUES (8111,FALSE, 'T', 10,3005,2017);
INSERT INTO Grupo VALUES (7111,FALSE, 'L', 10,3005,2017);

/*Grupos para Seguridad*/
INSERT INTO Grupo VALUES (8112,FALSE, 'T', 10,3019,2017);
INSERT INTO Grupo VALUES (7112,FALSE, 'L', 10,3019,2017);

/*Grupos para Gestion de redes*/
INSERT INTO Grupo VALUES (8113,FALSE, 'T', 10,3020,2017);
INSERT INTO Grupo VALUES (7113,FALSE, 'L', 10,3020,2017);

/*Grupos para Sistemas de control*/
INSERT INTO Grupo VALUES (8114,FALSE, 'T', 10,3022,2017);
INSERT INTO Grupo VALUES (7114,FALSE, 'L', 10,3022,2017);


/*Grupos para Computacion Ubicua*/
INSERT INTO Grupo VALUES (8115,FALSE, 'T', 10,3023,2017);
INSERT INTO Grupo VALUES (7115,FALSE, 'L', 10,3023,2017);


/*Grupos para Patrones Software*/
INSERT INTO Grupo VALUES (8116,FALSE, 'T', 10,3088,2017);
INSERT INTO Grupo VALUES (7116,FALSE, 'L', 10,3088,2017);


/*Grupos para Computacion Local*/
INSERT INTO Grupo VALUES (8117,FALSE, 'T', 10,3091,2017);
INSERT INTO Grupo VALUES (7117,FALSE, 'L', 10,3091,2017);


/*Grupos para Lecciones de emprendimiento*/
INSERT INTO Grupo VALUES (8118,FALSE, 'T', 10,3770,2017);
INSERT INTO Grupo VALUES (7118,FALSE, 'L', 10,3770,2017);

/*Grupos para tecnologías futuras*/
INSERT INTO Grupo VALUES (8119,FALSE, 'T', 10,3111,2017);
INSERT INTO Grupo VALUES (7119,FALSE, 'L', 10,3111,2017);

/*Grupos para programación IOS*/
INSERT INTO Grupo VALUES (8222,FALSE, 'T', 10,3800,2017);
INSERT INTO Grupo VALUES (7222,FALSE, 'T', 10,3800,2017);




/*Grupos para Laboratorio Virtual Consultas*/
INSERT INTO Grupo VALUES (1231,TRUE,'T',10,3999,2015);
INSERT INTO Grupo VALUES (1232,TRUE,'T',10,3999,2016);
INSERT INTO Grupo VALUES (1233,FALSE,'T',10,3999,2017);

/*Grupos para Plataforma Lenguajes Flexibles*/
INSERT INTO Grupo VALUES (1241,TRUE,'T',10,3998,2015);
INSERT INTO Grupo VALUES (1242,TRUE,'T',10,3998,2016);
INSERT INTO Grupo VALUES (1243,FALSE,'T',10,3998,2017);

/*Grupos para Tecnologia para discapacitados*/
INSERT INTO Grupo VALUES (9911,TRUE,'T',10,7001,2015);
INSERT INTO Grupo VALUES (9990,TRUE,'L',10,7001,2015);
INSERT INTO Grupo VALUES (9912,TRUE,'T',10,7001,2016);
INSERT INTO Grupo VALUES (9989,TRUE,'L',10,7001,2016);
INSERT INTO Grupo VALUES (9913,FALSE,'T',10,7001,2017);
INSERT INTO Grupo VALUES (9988,FALSE,'L',10,7001,2017);

/*Grupos para Robotica para todos*/
INSERT INTO Grupo VALUES (9921,TRUE,'T',10,7008,2015);
INSERT INTO Grupo VALUES (9972,TRUE,'L',10,7008,2015);
INSERT INTO Grupo VALUES (9922,TRUE,'T',10,7008,2016);
INSERT INTO Grupo VALUES (9971,TRUE,'L',10,7008,2016);
INSERT INTO Grupo VALUES (9923,FALSE,'T',10,7008,2017);
INSERT INTO Grupo VALUES (9970,FALSE,'L',10,7008,2017);



/*Grupos para Tecnologia de videojuegos*/
INSERT INTO Grupo VALUES (9931,TRUE,'T',10,7002,2015);
INSERT INTO Grupo VALUES (9932,TRUE,'T',10,7002,2016);
INSERT INTO Grupo VALUES (9933,FALSE,'T',10,7002,2017);
INSERT INTO Grupo VALUES (7933,FALSE,'L',10,7002,2017);


/*Grupos para Tecnologia musical*/
INSERT INTO Grupo VALUES (9941,TRUE,'T',10,7003,2015);
INSERT INTO Grupo VALUES (9942,TRUE,'T',10,7003,2016);
INSERT INTO Grupo VALUES (9943,FALSE,'T',10,7003,2017);
INSERT INTO Grupo VALUES (8943,FALSE,'L',10,7003,2017);


/*Grupos para religion*/
INSERT INTO Grupo VALUES (9951,TRUE,'T',10,7004,2015);
INSERT INTO Grupo VALUES (9952,TRUE,'T',10,7004,2016);
INSERT INTO Grupo VALUES (9953,FALSE,'T',10,7004,2017);
INSERT INTO Grupo VALUES (8953,FALSE,'L',10,7004,2017);

/*Grupos para historia de españa*/
INSERT INTO Grupo VALUES (9961,TRUE,'T',10,7007,2015);
INSERT INTO Grupo VALUES (9962,TRUE,'T',10,7007,2016);
INSERT INTO Grupo VALUES (9963,FALSE,'T',10,7007,2017);
INSERT INTO Grupo VALUES (8963,FALSE,'L',10,7007,2017);


/*Grupos para programacion android*/
INSERT INTO Grupo VALUES (9960,TRUE,'T',10,7012,2015);
INSERT INTO Grupo VALUES (9959,TRUE,'T',10,7012,2016);
INSERT INTO Grupo VALUES (9958,FALSE,'T',10,7012,2017);
INSERT INTO Grupo VALUES (8958,FALSE,'L',10,7012,2017);


/*Grupos para mundo empresarial*/
INSERT INTO Grupo VALUES (9890,TRUE,'T',10,7013,2015);
INSERT INTO Grupo VALUES (9891,TRUE,'T',10,7013,2016);
INSERT INTO Grupo VALUES (9892,FALSE,'T',10,7013,2017);
INSERT INTO Grupo VALUES (8892,FALSE,'L',10,7013,2017);


/*Grupos para historia de gitanos*/
INSERT INTO Grupo VALUES (9939,TRUE,'T',10,7014,2015);
INSERT INTO Grupo VALUES (9938,TRUE,'T',10,7014,2016);
INSERT INTO Grupo VALUES (9937,FALSE,'T',10,7014,2017);
INSERT INTO Grupo VALUES (8937,FALSE,'L',10,7014,2017);



















/*Expediente para Alumno en informatica*/

INSERT INTO Matricula VALUES (847394193,2015,TRUE);
INSERT INTO Matricula VALUES (847394193,2016,TRUE);

INSERT INTO Asignatura_Matriculada VALUES (8374, 847394193, 2015, 1111, 9, 9999, 7);
INSERT INTO Asignatura_Matriculada VALUES (4039, 847394193, 2015, 1121, 7, 9996, 6);
INSERT INTO Asignatura_Matriculada VALUES (1102, 847394193, 2015, 1131, 7, 9993, 10);
INSERT INTO Asignatura_Matriculada VALUES (4000, 847394193, 2015, 1181, 6, 9969, 5);
INSERT INTO Asignatura_Matriculada VALUES (7001, 847394193, 2015, 9911, 8, 9990, 9);

INSERT INTO Asignatura_Matriculada VALUES (2029, 847394193, 2016, 1142, 9, 9986, 4);
INSERT INTO Asignatura_Matriculada VALUES (8390, 847394193, 2016, 1152, 7, 9983, 8);
INSERT INTO Asignatura_Matriculada VALUES (1109, 847394193, 2016, 1162, 3, 9980, 6);
INSERT INTO Asignatura_Matriculada VALUES (4934, 847394193, 2016, 1172, 2, 9977, 2);
INSERT INTO Asignatura_Matriculada VALUES (4001, 847394193, 2016, 1212, 8, 9974, 8);
INSERT INTO Asignatura_Matriculada VALUES (7008, 847394193, 2016, 9922, 8, 9971, 10);

/*Categorias*/

insert into Categoria values('Rector',45);

insert into Categoria values('Catedratico',40);

/*Departamentos*/

insert into Departamento values(3,'Ciencias de la computacion',5);

insert into Departamento values(5,'Automatica',6);

/*Profesores*/

insert into Usuario values('94625315A','PROFESOR','Diego','Garcia','Cuadrado','1960-7-15','diego_garcia@hotmail.es','diego1',564855555);
insert into Profesor values('94625315A','Rector',8,5,3,3);

insert into Usuario values('13225678B','PROFESOR','Julia','Vazquez','Gonzalez','1980-3-25','julia_vazquez@hotmail.es','julia1',645285134);
insert into Profesor values('13225678B','Catedratico',3,2,1,3);

insert into Usuario values('14581574B','PROFESOR','Juan','Rio','Sanchez','1972-8-20','juan_rio@hotmail.es','juan1',152684932);
insert into Profesor values('14581574B','Catedratico',6,3,3,5);

/*Espacios*/

insert into Espacio values(1,'aula1',45,12.50);

insert into Espacio values(2,'aula2',45,12.50);

insert into Espacio values(3,'aula3',60,15.00);

insert into Espacio values(4,'laboratorio',25,10.50);

insert into Espacio values(5,'laboratorio2',25,10.50);

insert into Espacio values(6,'laboratorio3',20,12.50);

insert into Espacio values(7,'laboratorio pesado1',30,20.00);

/*Reservas*/

insert into ReservaGrupo values(15, 5, 3, 1111);

insert into ReservaGrupo values(10, 2, 7, 1131);

insert into ReservaProfesor values('13225678B' , 5,  '2018-01-27', 17);

insert into ReservaProfesor values('14581574B', 1,  '2018-02-03', 19); 

insert into ReservaProfesor values('14581574B', 7,  '2018-02-05', 13); 

INSERT INTO Profesor_Grupo VALUES ('1113','13225678B');
INSERT INTO Profesor_Grupo VALUES ('1112','13225678B');
INSERT INTO Profesor_Grupo VALUES (1163,'13225678B');




